﻿Amerongen	van	Jan Kees	drs.	j.k.vanamerongen@uu.nl
Beeloo		Rick	BSc	r.r.f.beeloo@uu.nl
Berg	van den	Thea	MSc	t.vandenberg1@uu.nl
Boer	de	Rob	prof. dr.	r.j.deboer@uu.nl
Bontrop		Ronald	prof. dr.	r.e.bontrop@uu.nl
Carrillo Bautista		Daniel	MSc	d.carrillobautista@uu.nl
Daub		Joséphine	dr.	j.t.daub@uu.nl
Deutekom		Eva	MSc	e.s.deutekom@uu.nl
Dunk	von der	Sam	MSc	s.h.a.vonderdunk@uu.nl
Dutilh		Bas	dr.	b.e.dutilh@uu.nl
Greef	de	Peter	MSc	p.c.degreef@uu.nl
Hauptfeld		Tina	MSc	e.hauptfeld@uu.nl
Herik	van den	Bas	ir.	b.m.vandenherik@uu.nl
Hermsen		Rutger	dr.	r.hermsen@uu.nl
Hogeweg		Paulien	prof. dr.	p.hogeweg@uu.nl
Kesmir		Can	dr.	c.kesmir@uu.nl
Krah		Laurens	MSc	l.h.j.krah@uu.nl
López		José	dr.	j.l.lopez@uu.nl
Mehrem		Sarah	MSc	s.l.mehrem@uu.nl
Meijenfeldt	von	Bastiaan	MSc	f.a.b.vonmeijenfeldt@uu.nl
Meijer		Jeroen	MSc	j.meijer1@uu.nl
Nogueira Da Silva Junior		Milton	MSc	m.nogueiradasilvajunior@uu.nl
Pappas		Nikos	MSc	n.pappas@uu.nl
Rooijen	van	Laura	MSc	l.e.vanrooijen@uu.nl
Rutten		Jaap	MSc	j.rutten@uu.nl
Sanal		Erdem	MSc	e.sanal@uu.nl
Schröter		Juliane	MSc	j.schroeter@uu.nl
Seidl		Michael	dr.	m.f.seidl@uu.nl
Skiadas		Petros	MSc	p.skiadas@uu.nl
Snel		Berend	prof. dr.	b.snel@uu.nl
Snelders		Nick	dr.	n.c.snelders@uu.nl
Snoek		Basten	dr.	l.b.snoek@uu.nl
Swain		Arpit	MSc	a.c.swain@uu.nl
Torres Sanchez		David	MSc	d.e.torressanchez@uu.nl
Tusscher	ten	Kirsten	prof. dr.	k.h.w.j.tentusscher@uu.nl
Vosseberg		Julian	MSc	j.vosseberg@uu.nl
Wu		Lingyi	MSc	l.wu1@uu.nl
Zhang		Xiang	dr.	x.zhang3@uu.nl
Zhang		Xin	MSc	x.zhang2@uu.nl
